{"cameraMode":{"drawMode":0,"name":"Shaded","section":"Shading Mode"},"sceneLighting":true,"audioPlay":false,"sceneViewState":{"m_AlwaysRefresh":false,"showFog":true,"showSkybox":true,"showFlares":true,"showImageEffects":true,"showParticleSystems":true,"showVisualEffectGraphs":true,"m_FxEnabled":true},"in2DMode":false,"pivot":{"x":-12.188754081726075,"y":1.1964234113693238,"z":0.7940696477890015},"rotation":{"x":-0.10513799637556076,"y":0.6208063364028931,"z":-0.08451768755912781,"w":-0.7722702622413635},"size":14.954611778259278,"orthographic":false}